Nombre,Precio,Categorias,URLs_Imagenes,Descripcion_Extendida,URL_Producto
Dildo Vibrador Mission 2 Lovense,727900,Juguetes|Lovense|Punto G|Todo|Vibradores,https://distrisexcolombia.com/wp-content/uploads/2024/10/Mission2-front.png|https://distrisexcolombia.com/wp-content/uploads/2024/10/Mission2-side.png|https://distrisexcolombia.com/wp-content/uploads/2024/10/Mission2-accessories.png|https://distrisexcolombia.com/wp-content/uploads/2024/10/Mission2-Horizontal.png|https://distrisexcolombia.com/wp-content/uploads/2024/10/20240808-mission2-PC-banner-2.jpg|https://distrisexcolombia.com/wp-content/uploads/2024/10/Mission2-packaging-2.png|https://distrisexcolombia.com/wp-content/uploads/2024/10/Mission2-packaging-3.png|https://distrisexcolombia.com/wp-content/uploads/2024/10/Mission2-packaging-1.png,"Descripción Consolador vibrador con control remoto y Tecnología Táctil Punta Ultra Suabes oara una estimulación potenente pero cómoda del punto G Ranuras estriadas ofreciendo vibraciones intensas. Moro sensible al tacto, el control de vibración se adapta a tu movimientos. Ajustable de 160° para varias posiciones. Base de Ventosa fuerte para jugar sin usar las manos. Cuanto más profundamente insertes Mission 2, más fuerte sentirás las vibraciones Con Tecnología Táctil de Lovense, las vibraciones se intensifican a medida que insertas Mission 2 más profundamente, generando un orgasmo más intenso. El consolador sensible al tacto te permite explorar el placer gamificado Sumérgete en un juego interactivo diseñado para Mission 2, donde tus movimientos hacia adentro y fuera, se sincronizan con los controles del juego para hacer que tu personaje salte. Sincroniza vibraciones sensibles a la profundidad junto con tu pareja de larga distancia. Cierra la brecha controlando el juguete Lovense de tu pareja (como Solace, Max 2 o Lush 3). Cuanto más profunda entre Misión 2, más fuerte será la reacción del otro juguete, logrando una simulación sexual realista a cualquier distancia. Muestre la estimulación sensible al tacto a través de varias representaciones Entretenga a los espectadores sincronizando su Mission 2 con sus juguetes Lovense. Cuanto más utilices Mission 2 para demostrar sexo oral, masturbación o penetración, más fuertes serán las vibraciones que sentirán tus espectadores. Base de ventosa fuerte y fácilmente ajustable Equipado con una base de ventosa que se ajusta hasta 160°, el Mission 2 te permite cambiar de posición sin esfuerzo, ya sea sujetándolo con la mano o utilizándolo de forma manos libres, según tus preferencias. Totalmente Impermeable para Jugar en el Baño Contra el espejo En el Suelo Sostenido con la Mano La punta aterciopelada garantiza una sensación sensual Con una punta ultra suave y tersa, Mission 2 está hecho de silicona 100% segura para el cuerpo, proporcionando la inserción más cómoda y estimulación del punto G. Combínalo con otros juguetes Lovense para múltiples sensaciones Sincroniza las vibraciones de Mission 2 con otros juguetes Lovense para sentir placer en todo el cuerpo. Funciones infinitas de la aplicación Lovense Remote Control a corta distancia Control a larga distancia Patrones ilimitados Sincronización con tu música Vibraciones Activadas por sonido Establecer niveles de vibración",https://distrisexcolombia.com/producto/dildo-vibrador-mission-2-lovense/
Lovense Lush 2,577900,Estimulación Anal|Juguetes|Lovense|Plugs Anales|Promo Lovense|Todo,https://distrisexcolombia.com/wp-content/uploads/2023/09/Lovense-lush2-vibrador-DistriSex3.jpg|https://distrisexcolombia.com/wp-content/uploads/2023/09/Lovense-lush2-vibrador-DistriSex.jpg|https://distrisexcolombia.com/wp-content/uploads/2023/09/Lovense-lush2-vibrador-DistriSex1.jpg|https://distrisexcolombia.com/wp-content/uploads/2023/09/Lovense-lush2-vibrador-DistriSex2.jpg|https://distrisexcolombia.com/wp-content/uploads/2023/09/Lovense-lush2-vibrador-DistriSex4.jpg|https://distrisexcolombia.com/wp-content/uploads/2023/09/Lovense-lush2-vibrador-DistriSex5.jpg|https://distrisexcolombia.com/wp-content/uploads/2023/09/Lovense-lush2-vibrador-DistriSex6.jpg,"Descripción Llega de nuevo el Lovense Lush 2 en exclusiva para ti ¡La revolución interactiva y versión mejorada del LOVENSE LUSH 2! En esta nueva versión hay algunos cambios entre los principales encontrar un nuevo diseño de la antena, esta es una aplicación más que la anterior, la ubicación del botón que permite que se encienda / Apague ahora se encuentre en dicha antena, además de que el chip del bluetooth se ubica también en el extremo de la mejor conectividad y rango de control, haciendo que la experiencia de uso y transmisión durante los espectáculos sea más estable que nunca. Adicional el motor es más potente optimizado para una mayor duración de la Pila ¡Ahora el tiempo de duración de la Pila no será un problema! Lovense Lush 2 puede ser sincronizado con las diferentes páginas web para aumentar los tokens, la aplicación se encuentra disponible en múltiples plataformas con la última tecnología de bluetooth. PARA SOLICITAR GARANTÍA DEL LOVENSE LUSH 2, es importante tener presente que se debe conservar la caja con el código serial visible para que esta tenga validez. Lovense Lush: ¡Renovación que nos encanta, mejora tus funciones, aumenta tus fichas, divierte a tus usuarios!",https://distrisexcolombia.com/producto/lovense-lush-2/
Lovense Lush 3,679900,Juguetes|Lovense|Plugs Anales|Promo Lovense|Todo,https://distrisexcolombia.com/wp-content/uploads/2023/09/Lovense-lush3-vibrador-DistriSex3.jpg|https://distrisexcolombia.com/wp-content/uploads/2023/09/Lovense-lush3-vibrador-DistriSex.jpg|https://distrisexcolombia.com/wp-content/uploads/2023/09/Lovense-lush3-vibrador-DistriSex2.jpg|https://distrisexcolombia.com/wp-content/uploads/2023/09/Lovense-lush3-vibrador-DistriSex4.jpg|https://distrisexcolombia.com/wp-content/uploads/2023/09/Lovense-lush3-vibrador-DistriSex5.jpg|https://distrisexcolombia.com/wp-content/uploads/2023/09/Lovense-lush3-vibrador-DistriSex6.jpg|https://distrisexcolombia.com/wp-content/uploads/2023/09/Lovense-lush3-vibrador-DistriSex7.jpg,"Descripción Vuelve el nuevo Lovense Lush 3 en exclusiva para ti ¡Aprovecha ya! Lovense lo ha hecho aún mejor… Esta vez nos sorprende con su rediseñado y ultra mejorado Lovense Lush 3 Todos los cambios siempre traen algo mejor y Lovense lo sabe, por eso trae al mercado su producto estrella en una versión única, exclusiva y mejorada, que no dejará de sorprender: el Lovense Lush 3 … Un huevo vibrador especializado para modelos webcam que, además de contar con la última tecnología Bluetooth, permite hasta 5 horas de uso continuo gracias a su Pila mejorada, y presenta múltiples cambios en su diseño que garantizan una gran conectividad. ¿Qué hay de nuevo en el Lovense Lush 3? Sin duda alguna, la cola fija en su nuevo diseño asegura que el Lovense Lush 3 abrace el cuerpo, se mantenga en su lugar, y ejerza más presión sobre el punto G brindando vibraciones aún más intensas, profundas y retumbantes. Su puerto de carga ahora es magnético, óptimo y actualizado para facilitar el proceso de carga que permite hasta 1,6 horas más de tiempo de uso. Y como siempre, su antena rediseñada de última generación, garantiza una mejor conectividad. Sus divertidos modos de vibración son controlables desde su botón manual o desde su propia App Lovense que tiene múltiples funcionalidades como control a corta y larga distancia compartido con la pareja, creación de patrones de vibración personalizados ilimitados, conversión del ruido ambiente o canciones en vibraciones, y lo mejor de todo, conexión a plataformas WebCam. El Lovense Lush 3 puede ser sincronizado con plataformas WebCam. PARA SOLICITAR GARANTÍA DEL LOVENSE LUSH 3 , es importante tener presente que se debe conservar la caja con el código serial visible para que esta tenga validez.",https://distrisexcolombia.com/producto/lovense-lush-3/
Lovense Lush 4,727900,Juguetes|Lovense|Promo Lovense|Punto G|Todo|Vibradores,https://distrisexcolombia.com/wp-content/uploads/2025/01/Lush-4-1.png|https://distrisexcolombia.com/wp-content/uploads/2025/01/Lush-4-2.png|https://distrisexcolombia.com/wp-content/uploads/2025/01/Lush-4-3.png|https://distrisexcolombia.com/wp-content/uploads/2025/01/Lush-4-4.png|https://distrisexcolombia.com/wp-content/uploads/2025/01/Lush-4-package-1.png|https://distrisexcolombia.com/wp-content/uploads/2025/01/Lush-4-package-2.png|https://distrisexcolombia.com/wp-content/uploads/2025/01/Lush-4-package-3.png|https://distrisexcolombia.com/wp-content/uploads/2025/01/Lush-4-package-4.png|https://distrisexcolombia.com/wp-content/uploads/2025/01/Lush-4-package-included.png,"Descripción Adéntrate en el futuro del placer con Lush 4 Lush 4 es la versión mejorada del aclamado Lush 3, ahora con una deslumbrante luz LED multicolor en la base, que permite personalizar los efectos de iluminación para adaptarlos a tu estado de ánimo. Con esta nueva función, cada sesión se convierte en una experiencia sensorial envolvente y única. Además de su impactante diseño, Lush 4 mejora su rendimiento con una carga un 40 % más rápida y una batería optimizada para sesiones más prolongadas e intensas. Su potente motor alcanza hasta 7.000 vibraciones por minuto, estimulando el punto G con precisión gracias a su suave y redondeada cabeza. Manteniendo todas las prestaciones que hicieron famoso a Lush 3, pero con hardware y software mejorados, Lush 4 combina placer incomparable con una exhibición de luces totalmente personalizable, haciendo que cada experiencia sea exclusivamente tuya. Características de Lush 4 Luz LED vibrante en la base Colores personalizables: Disfruta de una experiencia visual impactante y divertida con luces que cambian de modo. Máximo placer con control remoto a través de la app Lovense Emparejamiento rápido y estable: Conéctalo en menos de 3 segundos con conectividad Bluetooth confiable. Potente y ergonómico para estimulación del punto G Vibrador mejorado: Ofrece hasta 7,000 vibraciones por minuto para una estimulación intensa. Diseño curvado para el punto G: Se adapta con precisión y se mantiene en su lugar para un placer sin manos. Batería revolucionaria Carga ultrarrápida: Obtén 10 minutos de uso por cada minuto de carga, reduciendo al mínimo el tiempo de espera. Luces de Lush 4 7 colores vibrantes Tres luces LED independientes que pueden cambiar a rojo, verde, azul, amarillo, cian, magenta y blanco. Esquemas personalizables Configura patrones de luz únicos a través de la app Lovense Remote y para transmisiones en vivo. Efecto de desplazamiento Luces dinámicas y llamativas que captarán la atención de tu audiencia o pareja a distancia. Intensidad visual Los efectos de luz varían según la intensidad de la vibración, creando una experiencia más envolvente y sensorial. Ideal para Modelos WebCam Diseño llamativo Su base electrochapada y luces personalizables hacen que Lush 4 sea inconfundible y visualmente impactante. Identidad única Se diferencia claramente de versiones anteriores, ofreciendo una apariencia moderna y exclusiva. Mayor visibilidad Sus efectos luminosos pueden atraer más espectadores a la sala de transmisión, aumentando la audiencia y la interacción. El tiempo es dinero Su carga rápida permite a las modelos comenzar a transmitir en menos tiempo, optimizando sus sesiones y ganancias. Formas de divertirse con Lush 4 En una cita nocturna Este juguete silencioso y portátil te permite disfrutar de momentos íntimos discretos en público. Chat erótico a larga distancia Deja que tu pareja tome el control de tu placer con el app Lovense Remote. En un cómodo sofá Reproduzca patrones en la app Lovense Remote y disfrute del placer de las manos libres. En una bañera El diseño resistente al agua de Lush 4 te ofrece orgasmos húmedos y salvajes. Cómo usar Lush 4 PASO 1 Usa el lubricante a base de agua Elixir en ti o en el juguete para una experiencia suave. PASO 2 Encuentra una posición cómoda y ajusta el ángulo para alcanzar tu zona de placer. PASO 3 Juega con las vibraciones a través de los botones del juguete o del Aplicación remota Lovense. .",https://distrisexcolombia.com/producto/lovense-lush-4/
Lovense Lush Mini,727900,Juguetes|Lovense|Promo Lovense|Punto G|Todo|Vibradores,https://distrisexcolombia.com/wp-content/uploads/2025/08/Mini-Lush-2.png|https://distrisexcolombia.com/wp-content/uploads/2025/08/Mini-Lush-5.jpg|https://distrisexcolombia.com/wp-content/uploads/2025/08/Mini-Lush-4.jpg|https://distrisexcolombia.com/wp-content/uploads/2025/08/Mini-Lush-3-scaled.jpg|https://distrisexcolombia.com/wp-content/uploads/2025/08/Mini-Lush-1.jpg,"Descripción Lush Mini Pequeño y Poderoso, Huevo Vibrador para el Punto G a Control Remoto. Vibrador de mini huevo avanzado mezcla la comodidad con control inteligente Comience su placer bien con una inserción cómoda Con un cuerpo de silicona de 31 mm de diámetro y silicona suave, el diseño de Lush Mini asegura la inserción sin esfuerzo. Vibraciones intensas y potentes, todo en un diseño mini. A pesar de su tamaño, Lush Mini ofrece tanta potencia como nuestros otros vibradores de huevo más vendidos. La carga rápida te permite seguir jugando una y otra vez Prueba el juego a larga distancia con tu pareja en cualquier momento y en cualquier lugar. Invita a tu pareja a tomar el control desde cualquier parte del mundo en tiempo real. Relájese en la ducha o la bañera con un diseño totalmente impermeable. Lush Mini es impermeable IPX7, lo que significa que puedes jugar en el baño o la ducha, y es muy fácil de limpiar. ¿Quieres que tu placer sea visible? ¡Enciéndelo! El LED interactivo de Lush Mini se puede encender y apagar fácilmente cuando lo desees. Funciones infinitas de la aplicación Lovense Remote Cómo usar Lush Mini con Lovense Remote Video cómo usar Cómo usar Lush Mini PASO 1 Use el lubricante a base de agua Lovense en usted o en el juguete para una experiencia suave. PASO 2 Encontrar una posición cómoda y ajusta el ángulo para alcanzar tu zona de placer. PASO 3 Juega con las vibraciones a través de los botones del juguete o del Aplicación remota Lovense.",https://distrisexcolombia.com/producto/lovense-lush-mini/
Lovense Nora,623900,Doble Estimulación|Juguetes|Lovense|Punto G|Todo|Vibradores,https://distrisexcolombia.com/wp-content/uploads/2023/09/lovense-nora-vibrador_1.jpg|https://distrisexcolombia.com/wp-content/uploads/2023/09/Lovense-nora-vibrador-DistriSex.jpg|https://distrisexcolombia.com/wp-content/uploads/2023/09/Lovense-nora-vibrador-DistriSex1.gif|https://distrisexcolombia.com/wp-content/uploads/2023/09/Lovense-nora-vibrador-DistriSex2.jpg|https://distrisexcolombia.com/wp-content/uploads/2023/09/Lovense-nora-vibrador-DistriSex3.gif|https://distrisexcolombia.com/wp-content/uploads/2023/09/Lovense-nora-vibrador-DistriSex4.jpg|https://distrisexcolombia.com/wp-content/uploads/2023/09/Lovense-nora-vibrador-DistriSex5.png|https://distrisexcolombia.com/wp-content/uploads/2023/09/Lovense-nora-vibrador-DistriSex6.jpg|https://distrisexcolombia.com/wp-content/uploads/2023/09/Lovense-nora-vibrador-DistriSex7.jpg,"Descripción El primer vibrador rabbit Bluetooth: Lovense Nora ¡Diseñado para estimular punto G! Lovense Nora, el vibrador para tokens de los modelos webcam, incrementa tus ingresos con este vibrador travieso. Su tecnología para cambiar a medida que recibes tokens, para que los espectadores tengan el control total sobre tu placer, además su fabricación robusta y duradera. Cuenta con un eje optimizado diseñado para estimular gentilmente los lugares correctos de tu zona íntima. Por otro lado, tiene un brazo flexible se acomoda a todos los tipos de cuerpos y genera hasta 7 tipos de vibración. La cabeza estimula el punto G en un nivel bajo, medio y alto Conecta Nora a un dispositivo con Bluetooth. La antena bluetooth se extiende afuera del cuerpo para aumentar el rango de control. PARA SOLICITAR GARANTÍA DEL LOVENSE NORA, es importante tener presente que se debe conservar la caja con el código serial visible para que esta tenga validez.",https://distrisexcolombia.com/producto/lovense-nora/
Lovense Osci 3,623900,Estimulación Clitorial|Juguetes|Lovense|Lovense Nuevos|Punto G|Todo|Vibradores,https://distrisexcolombia.com/wp-content/uploads/2025/04/Osci-plain-image-1.jpg|https://distrisexcolombia.com/wp-content/uploads/2025/04/Osci-plain-image-4.jpg|https://distrisexcolombia.com/wp-content/uploads/2025/04/Osci-plain-image-8.jpg|https://distrisexcolombia.com/wp-content/uploads/2025/04/Osci-plain-image-6.jpg|https://distrisexcolombia.com/wp-content/uploads/2025/04/Osci-plain-image-2.jpg,"Descripción Descubre el Osci 3 de Lovense, un innovador vibrador tipo conejo diseñado para ofrecer una estimulación dual del punto G y el clítoris. Su brazo interno cuenta con un oscilador que masajea el punto G mediante una variedad de patrones, brindando una experiencia única y satisfactoria. El brazo externo proporciona una potente estimulación del clítoris con diferentes modos de vibración e intensidades, permitiendo una personalización completa de la experiencia. Además, el Osci 3 es compatible con la aplicación Lovense, facilitando el control remoto y la conexión con parejas a distancia, enriqueciendo la intimidad y el juego compartido. Motores Duales: Estimular el clítoris y Punto G juntos o por separado Controlado por aplicación: Controla Osci 3 con tacto, sonido o movimiento desde cualquier lugar Función de calentamiento: Ofrece una sensación cálida y natural. Forma ergonómica : Proporciona la máxima comodidad utilizando silicona segura para el cuerpo Maneras de divertirse con Osci 3 Mojado y salvaje Haz que el ambiente se encienda en el baño añadiendo Osci 3 para un placer húmedo e intenso. Sesión de provocación Deja que Osci 3 encienda las cosas en el dormitorio. ¡Hazla comenzar con una poderosa estimulación dual! Control remoto desde cualquier lugar Dale a tu pareja el control de tu juguete usando la",https://distrisexcolombia.com/producto/lovense-osci-3/
Vibrador Lapis Lovense 13 cm,691900,Dildos|Juguetes|Lovense|Todo|Últimas unidades|Vibradores,https://distrisexcolombia.com/wp-content/uploads/2023/10/01-Lapis-box-face-1.jpg|https://distrisexcolombia.com/wp-content/uploads/2023/10/Lapis-6.png|https://distrisexcolombia.com/wp-content/uploads/2023/10/Lapis-10.png|https://distrisexcolombia.com/wp-content/uploads/2023/10/Lapis-2.png|https://distrisexcolombia.com/wp-content/uploads/2023/10/03-Lapis-box-left.jpg|https://distrisexcolombia.com/wp-content/uploads/2023/10/Lapis-accessories-2.0-.jpg,"Descripción Lapis Dildo strapless flexible de doble extremo con vibración Estimulación y vibraciones del punto G La bombilla insertable descansa cómodamente contra el punto G, lo que le permite sentir presión y vibraciones mientras empuja. Estimulación para su clítoris Las ranuras estriadas brindan estimulación adicional al clítoris y a toda el área de la vagina a través de fricción o vibraciones. Comparte las vibraciones, personaliza la experiencia 3 motores se pueden controlar por separado para personalizar el nivel deseado de intensidad y patrón de vibración. Flexible El cuello flexible se ajusta para adaptarse y cambia de ángulo para que sea cómodo tanto para el que lleva puesto el juguete como para el receptor. El material seguro para el cuerpo es firme pero suave para una sensación realista similar a la de la piel. Impermeable Permite jugar en la piscina o en la ducha y facilita su limpieza. Control remoto Controle Lapis remotamente en la aplicación Lovense Remote, o dale el control a tu pareja sin importar la distancia.",https://distrisexcolombia.com/producto/vibrador-lapis-lovense/
Vibrador Vulse Lovense,623900,Juguetes|Lovense|Todo|Vibradores,https://distrisexcolombia.com/wp-content/uploads/2023/11/03-Vulse-box-left-1200x1200.jpg|https://distrisexcolombia.com/wp-content/uploads/2023/11/03-Vulse-box-left.jpg|https://distrisexcolombia.com/wp-content/uploads/2023/11/Vulse-2.png|https://distrisexcolombia.com/wp-content/uploads/2023/11/Vulse-3.png|https://distrisexcolombia.com/wp-content/uploads/2023/11/Vulse-4.png|https://distrisexcolombia.com/wp-content/uploads/2023/11/Vulse-5.png|https://distrisexcolombia.com/wp-content/uploads/2023/11/Vulse-6.png|https://distrisexcolombia.com/wp-content/uploads/2023/11/Vulse-7.png|https://distrisexcolombia.com/wp-content/uploads/2023/11/Vulse-Accessories.jpg|https://distrisexcolombia.com/wp-content/uploads/2023/11/05-Vulse-box-open.jpg|https://distrisexcolombia.com/wp-content/uploads/2023/11/02-Vulse-box-back.jpg,Descripción extendida no encontrada,https://distrisexcolombia.com/producto/vibrador-vulse-lovense/
Succionador de Clítoris Tenera 2,623900,Estimulación Clitorial|Juguetes|Lovense|Todo|Vibradores,https://distrisexcolombia.com/wp-content/uploads/2023/09/s599125456175443544_p1031_i1_w1564.webp|https://distrisexcolombia.com/wp-content/uploads/2023/09/Lovense-Tenera2-high.png,Descripción Tenera 2 Estimulador de succión de clítoris controlado por aplicación! Ajuste la succión según sus preferencias con la aplicación Lovense Remote Sensación de succión sensual PulseSense produce pulsos de ondas de aire para crear una succión similar a la oral. La amplia boca de succión rodea tu zona de placer Envuelve fácilmente todo el clítoris de cualquier tipo de cuerpo para un placer del clítoris más concentrado. Suave y terso al tacto La cubierta de silicona es cómoda contra tu piel simulando la sensación de una boca real. Juego silencioso Con un nivel de ruido máximo de 43dB solo tendrás que preocuparte de que se escuchen tus gemidos. Limpio e higiénico IPX7 a prueba de agua significa que puede usarlo en la ducha o la bañera y también limpiar fácilmente.,https://distrisexcolombia.com/producto/succionador-tenera/
Lovense Domi 2 Hitachi Tokens,623900,Estimulación Clitorial|Hitachi|Juguetes|Lovense|Promo Lovense|Punto G|Todo|Vibradores,https://distrisexcolombia.com/wp-content/uploads/2023/09/lovense-domi-2-vibrador-hitachi-tokens_1.jpg|https://distrisexcolombia.com/wp-content/uploads/2023/09/Lovense-domi-2-vibrador-hitachi-tokens-DistriSex.jpg|https://distrisexcolombia.com/wp-content/uploads/2023/09/Lovense-domi-2-vibrador-hitachi-tokens-1.gif|https://distrisexcolombia.com/wp-content/uploads/2023/09/Lovense-domi-2-vibrador-hitachi-tokens-DistriSex2.jpg|https://distrisexcolombia.com/wp-content/uploads/2023/09/Lovense-domi-2-vibrador-hitachi-tokens-DistriSex3.jpg|https://distrisexcolombia.com/wp-content/uploads/2023/09/Lovense-domi-2-vibrador-hitachi-tokens-DistriSex4.jpg,"Descripción Vibrador Hitachi Domi Lovense Controla con precisión la intensidad de sus vibraciones, sea porque te gusta suave como una caricia o fuerte e intensa, siempre podrás encontrar el mejor punto para llegar al clímax con el Domi Lovense 2. Este es el único Wand totalmente ajustable. Obtén el control total del rango de vibraciones. Su software permite elegir el nivel que necesitas. PARA SOLICITAR GARANTÍA DEL LOVENSE DOMI 2 HITACHI TOKENS, es importante tener presente que se debe conservar la caja con el código serial visible para que esta tenga validez.",https://distrisexcolombia.com/producto/lovense-domi-2-hitachi-tokens/
Lovense Hush 2,623900,Estimulación Anal|Juguetes|Lovense|Plugs Anales|Todo,https://distrisexcolombia.com/wp-content/uploads/2023/09/Lovense-Hush2-Plug-Anal-Vibrador-1.jpg|https://distrisexcolombia.com/wp-content/uploads/2023/10/Lovense-Hush2-Plug-Anal-Vibrador-6.jpg|https://distrisexcolombia.com/wp-content/uploads/2023/10/Lovense-Hush2-Plug-Anal-Vibrador-7.jpg|https://distrisexcolombia.com/wp-content/uploads/2023/10/Lovense-Hush2-Plug-Anal-Vibrador-8.jpg|https://distrisexcolombia.com/wp-content/uploads/2023/10/Lovense-Hush2-Plug-Anal-Vibrador-9.jpg|https://distrisexcolombia.com/wp-content/uploads/2023/10/Lovense-Hush2-Plug-Anal-Vibrador-video-1.gif|https://distrisexcolombia.com/wp-content/uploads/2023/10/Hush2_S1.gif|https://distrisexcolombia.com/wp-content/uploads/2023/10/Hush2-S_1.jpg|https://distrisexcolombia.com/wp-content/uploads/2023/10/Hush2_M1.gif|https://distrisexcolombia.com/wp-content/uploads/2023/10/Hush2-M_1.jpg|https://distrisexcolombia.com/wp-content/uploads/2023/10/Hush2-L_2.jpg|https://distrisexcolombia.com/wp-content/uploads/2023/10/Hush2-L_3.jpg|https://distrisexcolombia.com/wp-content/uploads/2023/10/Hush2_L1.gif|https://distrisexcolombia.com/wp-content/uploads/2023/10/Hush2-L_1.jpg,"Descripción Cualquier tamaño del Plug Anal Hush 2 será un compañero de juego anal ideal para disfrutar en casa, trabajo u otro lugar público. Personaliza y satisface tus deseos con las vibraciones más retumbantes e intensas con el Lovense Hush 2. Tan suave que se introduce perfectamente en su interior, tan cómodo que podrás tenerlo ahí incluso si se encuentra afuera y tan poderoso que lo llevará al orgasmo en contados minutos. Este plug anal con vibración de Lovense ofrece una experiencia única para principiantes o aventureros que estén dispuestos a experimentar desde dos hasta 11 horas de uso continuo. Sus divertidos modos de vibración son controlables desde su botón manual o desde su propia App Lovense que tiene múltiples funcionalidades como control a corta y larga distancia compartido con la pareja, creación de patrones de vibración personalizados ilimitados, conversión del ruido ambiente o canciones en vibraciones, y lo mejor de todo, conexión a plataformas Web Cam. Todos los juguetes Lovense se integran con las siguientes plataformas Webcam: Sin lugar a dudas, es un diseño súper elegante con una base acampanada ideal para un retiro seguro, que también podrá usarse para recibir placer en ducha, tina o bañera por su impermeabilidad hasta por 30 minutos a una profundidad no mayor de un metro.",https://distrisexcolombia.com/producto/lovense-hush-2/
Lovense Edge 2,623900,Estimulación Anal|Estimulación De Próstata|Juguetes|Lovense|Todo,https://distrisexcolombia.com/wp-content/uploads/2023/09/Lovense-edge2-masajeador-prostatico0.jpg|https://distrisexcolombia.com/wp-content/uploads/2023/09/Lovense-edge2-masajeador-prostatico1.jpg|https://distrisexcolombia.com/wp-content/uploads/2023/09/Lovense-edge2-masajeador-prostatico2.jpg|https://distrisexcolombia.com/wp-content/uploads/2023/09/Lovense-edge2-masajeador-prostatico3.jpg|https://distrisexcolombia.com/wp-content/uploads/2023/09/Lovense-edge2-masajeador-prostatico4.jpg|https://distrisexcolombia.com/wp-content/uploads/2023/09/lovense-edge2-masajeador-prostatico4_6.jpg,"Descripción Nuevo diseño y mejor conectividad en el Masajeador Prostático ajustable Lovense Edge 2 Lovense no deja de pensar en la innovación de sus juguetes, y esta vez trae al mercado el mejor masajeador de estimulación masculina renovado. Para quienes lo estaban esperando, llega el nuevo Masajeador Prostático Lovense Edge 2 , un particular estimulador masculino único en el mundo por su diseño y características. Su rediseño de brazo ajustable permite una estimulación del punto P más intensa y precisa, mientras que el diámetro de sus cuentas aseguran la correcta retención del juguete y estabilidad muscular durante su uso. La cabeza ajustable llega al lugar correcto para la mayoría de los hombres, y permanece quieta después de ser ajustada. El Masajeador Prostático Lovense Edge 2 con su Pila mejorada, permite hasta 1.7 horas de uso continuo, y ahora, cuenta con puerto de carga magnético para que la experiencia de carga mejore significativamente. La nueva ubicación de su antena mejorará, sin duda alguna, la experiencia de uso y conectividad. El Masajeador Prostático Lovense Edge 2 cuenta con dos poderosos vibradores para disfrutar niveles suaves o fuertes, pero siempre potentes y placenteras. Aquí puedes ver un ejemplo de su vibración en el nivel más bajo, medio y alto: El control del Masajeador Prostático Lovense Edge 2 puede ser manual o por medio de la App Lovense que tiene múltiples funcionalidades como control a corta y larga distancia compartido con la pareja, creación de patrones de vibración personalizados ilimitados, conversión del ruido ambiente o canciones en vibraciones, y lo mejor de todo, conexión a plataformas webcam. PARA SOLICITAR GARANTÍA DEL LOVENSE EDGE 2, es importante tener presente que se debe conservar la caja con el código serial visible para que esta tenga validez NO incluye adaptador USB. Consíguelo como producto adicional AQUÍ y mejora la calidad de la transmisión en cuanto a la conexión y uso del juguete.",https://distrisexcolombia.com/producto/lovense-edge-2/
Lovense Ridge Anal,691900,Estimulación Anal|Juguetes|Lovense|Plugs Anales|Todo|Últimas unidades,https://distrisexcolombia.com/wp-content/uploads/2023/10/Ridge-2-1200x1200.png|https://distrisexcolombia.com/wp-content/uploads/2023/10/Ridge-2.png|https://distrisexcolombia.com/wp-content/uploads/2023/10/Ridge-4-3.png|https://distrisexcolombia.com/wp-content/uploads/2023/10/Ridge-3-1.png|https://distrisexcolombia.com/wp-content/uploads/2023/10/Ridge-1.png|https://distrisexcolombia.com/wp-content/uploads/2023/10/Ridge角度图1.png|https://distrisexcolombia.com/wp-content/uploads/2023/10/Ridge-4-1.png|https://distrisexcolombia.com/wp-content/uploads/2023/10/Ridge-3.png,"Descripción A diferencia de otras cuentas, Ridge no es estático . Proporciona vibraciones fuertes y movimiento de rotación, que se pueden controlar por separado, para agregar algo más que una simple sensación de llenado. Placer a través del movimiento Las pequeñas cuentas se deslizan hacia adentro y hacia afuera fácilmente, se hacen más grandes gradualmente a medida que usted se vuelve más cómodo y confiado. Para obtener los mejores resultados saca las cuentas justo cuando estés a punto de llegar al clímax. Placer para la próstata No sólo las vibraciones de la base y las perlas se sienten celestiales en tu ano, sino que la combinación de vibración y rotación también masajea suavemente la próstata para lograr un orgasmo de todo el cuerpo, diferente de lo que se obtiene con la estimulación del pene. Estimulación indirecta del punto G y punto A Además de las vibraciones de la base y las cuentas que se sienten celestiales en el ano, la combinación de vibraciones y la rotación estimula indirectamente el Punto A y el Punto G, mejorando el potencial orgásmico. Fácil de insertar y proporciona un masaje giratorio bidireccional de 360°, el potente motor crea una vibración intensa con poco ruido para un juego discreto, La base ergonómica acampanada hace que sea fácil de sostener mientras se desliza hacia adentro y hacia afuera y evita que el juguete entre completamente en el cuerpo, se dobla para adaptarse a todas las posiciones y estilos de juego, La cubierta completa de silicona la hace resistente al agua, fácil de limpiar y segura de usar.",https://distrisexcolombia.com/producto/lovense-ridge-anal/
Lovense Gush 2 Masturbador Masculino,623900,Juguetes|Lovense|Lovense Nuevos|Masturbadores|Masturbadores Masculinos|Para Él|Todo,https://distrisexcolombia.com/wp-content/uploads/2025/04/Gush-2-package-outside-1.jpg|https://distrisexcolombia.com/wp-content/uploads/2025/04/Gush-2-8.jpg|https://distrisexcolombia.com/wp-content/uploads/2025/04/Gush-2-5.jpg|https://distrisexcolombia.com/wp-content/uploads/2025/04/Gush-2-4.jpg|https://distrisexcolombia.com/wp-content/uploads/2025/04/Gush-2-3.jpg|https://distrisexcolombia.com/wp-content/uploads/2025/04/Gush-2-2.jpg|https://distrisexcolombia.com/wp-content/uploads/2025/04/Gush-2-1.png|https://distrisexcolombia.com/wp-content/uploads/2025/04/Gush-2-package-inside.jpg|https://distrisexcolombia.com/wp-content/uploads/2025/04/Gush-2-package-outside-4.jpg|https://distrisexcolombia.com/wp-content/uploads/2025/04/Gush-2-package-outside-2.jpg,"Descripción Lovense Gush 2 Masturbador Masculino Descubre el Gush 2 de Lovense, un innovador masajeador de pene diseñado para ofrecer una estimulación vibratoria sin necesidad de usar las manos. Su diseño flexible se adapta cómodamente a diferentes tamaños y formas, brindando una experiencia personalizada. Equipado con tecnología de control remoto a través de la aplicación Lovense, permite ajustar las vibraciones y patrones según tus preferencias, ya sea en solitario o con una pareja. Además, su diseño discreto y materiales de alta calidad garantizan comodidad y durabilidad. Sumérgete en una nueva dimensión de placer con el Gush 2 . Sensaciones dirigidas: Oscilaciones y vibraciones que complacen tus partes más sensibles Manos libres: La banda ajustable opcional ofrece un ajuste seguro para jugar con manos libres. Rendimiento Ideal: para edging y entrenamiento de resistencia Diseño cómodo: Material seguro para el cuerpo con alas flexibles para adaptarse a la mayoría de los tamaños. PASO 1 Use el lubricante a base de agua Lovense en usted o en el juguete para una experiencia suave. PASO 2 Encuentre la posición correcta para usted y use la banda opcional para soporte adicional. PASO 3 Juega con las vibraciones a través de los botones o el control remoto Lovense App. Úsalo de muchas maneras Utilizalo a manos libres o movimientos manuales mientras que las oscilaciones y vibraciones te dan placer.",https://distrisexcolombia.com/producto/lovense-gush-2-masturbador-masculino/
Lovense Calor Masturbador Masculino,623900,Juguetes|Lovense|Masturbadores Masculinos|Para Él|Todo,https://distrisexcolombia.com/wp-content/uploads/2023/09/lovense-calor_1.jpg|https://distrisexcolombia.com/wp-content/uploads/2023/09/lovense-calor_2.jpg|https://distrisexcolombia.com/wp-content/uploads/2023/09/lovense-calor_3.jpg|https://distrisexcolombia.com/wp-content/uploads/2023/09/lovense-calor_4.jpg|https://distrisexcolombia.com/wp-content/uploads/2023/09/lovense-calor_5.jpg|https://distrisexcolombia.com/wp-content/uploads/2023/09/lovense-calor_6.jpg|https://distrisexcolombia.com/wp-content/uploads/2023/09/lovense-calor_7.jpg|https://distrisexcolombia.com/wp-content/uploads/2023/09/lovense-calor_8.jpg,"Descripción Lovense Calor: Masturbador Masculino con calentamiento y control de profundidad Masturbador Masculino Vibrador con Control Remoto: Calienta, vibra, aprieta y profundiza. Calor es el nuevo masturbador Lovense, un juguete versátil que ofrece muchas formas diferentes de usarlo. Su sencillo diseño hace que sea fácil de limpiar después de una noche calurosa. El interior de Lovense Calor está cubierto de silicona super suave, una inigualable sensación que nadie querrá perderse. Vibración, compresión, calentamiento o control de profundidad, son las múltiples funciones que ofrece Lovense Calor , las cuales pueden ser controladas en solitario o por la pareja a kilómetros de distancia. ¡Una verdadera sesión de sexo real a larga distancia! Cuenta con función de calentamiento de alta tecnología, sensores para control de profundidad, compresión para controlar la sensación de presión y un botón inteligente para establecer los niveles de vibración, e incluso, guardarlos. Su tecnología para sexo a larga distancia permite sincronizar Lovense Calor con Max /Max 2 /Nora y otro Calor, de esta forma al mover el juguete, la otra persona reacciona permitiendo que las parejas se conecten y jueguen juntos sin importar la distancia. El control de Lovense Calor puede ser manual o desde la App Lovense que tiene múltiples funcionalidades como control a corta y larga distancia compartido con la pareja, creación de patrones de vibración personalizados ilimitados, conversión del ruido ambiente o canciones en vibraciones, y lo mejor de todo, conexión a plataformas Web Cam. Todos los juguetes Lovense se integran con las siguientes plataformas Webcam:",https://distrisexcolombia.com/producto/lovense-calor-masturbador-masculino/
Lovense Max 2 Masturbador Masculino,623900,Juguetes|Lovense|Masturbadores|Masturbadores Masculinos|Para Él|Todo,https://distrisexcolombia.com/wp-content/uploads/2023/09/Lovense-max-2-masturbador-masculino-DistriSex.jpg|https://distrisexcolombia.com/wp-content/uploads/2023/09/Lovense-max-2-masturbador-masculino-DistriSex1.jpg|https://distrisexcolombia.com/wp-content/uploads/2023/09/Lovense-max-2-masturbador-masculino-DistriSex2.jpg|https://distrisexcolombia.com/wp-content/uploads/2023/09/Lovense-max-2-masturbador-masculino-DistriSex3.jpg|https://distrisexcolombia.com/wp-content/uploads/2023/09/Lovense-max-2-masturbador-masculino-DistriSex4.jpg|https://distrisexcolombia.com/wp-content/uploads/2023/09/Lovense-max-2-masturbador-masculino-DistriSex5.jpg|https://distrisexcolombia.com/wp-content/uploads/2023/09/Lovense-max-2-masturbador-masculino-DistriSex6.gif,"Descripción Lovense Max 2 Masturbador Masculino Lovense Max 2 Masturbador Masculino, ideal para relaciones a larga distancia y para recibir tokens como modelo Webcam Este Masturbador Masculino está hecho de silicona suave color piel, para darte la sensación de como si estuvieras introduciendo tu pene en una vagina real, su textura interna te dará mucha más satisfacción, además de que se adapta perfectamente al pene y vibraciones de 360 grados para alcanzar una mayor sensación de placer. Gracias a su sistema de Bluetooth puedes usar tu teléfono como un control, del mismo modo, es perfecto para las relaciones a larga distancia al ser compatible con el Vibrador Nora, así pueden experimentar ambos las mismas vibraciones al mismo tiempo. Una entrada ajustada, un recorrido interior agradable y una parte central ligeramente flexible para que tengas la sensación de estar en el interior de otra persona. Son juguetes que intentan simular en todos los sentidos al sexo real para que disfrutes de nuevas sensaciones. Algunos de estos masturbadores para hombres tienen apariencia de órgano sexual femenino muy reales. Ya no tienes por qué depender de los gustos o preferencias de tu pareja. Si quieres probar una penetración anal con todo el realismo, sólo tienes que recurrir a los masturbadores. PARA SOLICITAR GARANTÍA DEL LOVENSE MAX 2 MASTURBADOR MASCULINO , es importante tener presente que se debe conservar la caja con el código serial visible para que esta tenga validez. Su suavidad, elasticidad y fácil manejo hacen que tu experiencia sea mucho más placentera ¿Qué esperas? Este Masturbador Masculino tiene todo lo que buscas para disfrutar a solas.",https://distrisexcolombia.com/producto/lovense-max-2-masturbador-masculino/
Camara Lovense 4K Webcam 2,1399900,Juguetes|Lovense|Todo|Webcam,https://distrisexcolombia.com/wp-content/uploads/2025/06/Webcam2-angle-2.png|https://distrisexcolombia.com/wp-content/uploads/2025/06/Webcam2-angle-1.png|https://distrisexcolombia.com/wp-content/uploads/2025/06/Webcam2-angle-3.png|https://distrisexcolombia.com/wp-content/uploads/2025/06/Webcam2-angle-4.png|https://distrisexcolombia.com/wp-content/uploads/2025/06/Package-details.png|https://distrisexcolombia.com/wp-content/uploads/2025/06/Webcam2-package-4.png|https://distrisexcolombia.com/wp-content/uploads/2025/06/Webcam2-package-2.png|https://distrisexcolombia.com/wp-content/uploads/2025/06/Webcam2-package-1.png,"Descripción La mejor cámara web profesional para modelos en directo! Compatible con Lovense Cam Extension y Stream Master para una configuración sencilla. Compatible con el software Lovense Luce lo mejor posible con la resolución Ultra HD 4K Disfrute de una calidad de video clara y enfocada durante las transmisiones en vivo: ¡no más tomas borrosas! Haz que tu piel brille incluso con poca luz El modo HDR ajusta automáticamente los reflejos para brindarte una imagen brillante y clara. El encuadre automático sigue tu movimiento A medida que te mueves por el marco de la cámara, el encuadre automático se ajustará para mantener tu rostro centrado en todo momento. Control sin esfuerzo mediante gestos, dispositivos móviles o control automático Amplía o reduce la imagen usando tu teléfono o gestos básicos con las manos, o activa el encuadre automático mientras estás transmitiendo en vivo. Haz que tu voz suene genial con el poder de la IA Filtra el ruido de fondo no deseado con la cancelación de ruido, resalta tu propia voz o equilibra tu voz con la música. Cómo configurar Lovense Webcam 2 PASO 1 Conecte su cámara web 2 al soporte magnético (incluido). PASO 2 Coloque el soporte en la pantalla de su computadora. Nota: Hay un agujero para tornillo de 1/4 de pulgada en la base del soporte para conectar un trípode o soporte (no incluido). PASO 3 Conecte la Webcam 2 a su computadora con el cable USB (incluido). La luz indicadora verde en la parte frontal de la cámara parpadeará una vez que la conexión se haya realizado correctamente. Compatible con todo el software de Lovense Camming Lovense Connect (2.8.6 o posterior para iOS y 3.0.2 o más reciente para Android) Lovense Cam Extension (30,7. 0 y posteriores) Stream Master (1.2.2 o posterior) Lovense OBS Toolset (2.0.8 y posteriores) Transmite en vivo fácilmente desde tus plataformas de cámara web favoritas Imagen mejorada 4K Control Remoto Cancelación de ruido con IA Fácil de configurar y utilizar para l@s modelos webcam. Cámara con resolución Ultra HD 4K y potente rendimiento en condiciones de poca luz. Fácilmente ajustable con gestos manuales y en tu celular. Minimiza cualquier ruido de fondo no deseado.",https://distrisexcolombia.com/producto/camara-lovense-4k-webcam-2/
Pezoneras vibratorias Gemini Lovense,476900,Bondage|Collares Y Pezoneras|Lencería|Lencería Para Ella|Lovense|Pezoneras|Todo,https://distrisexcolombia.com/wp-content/uploads/2023/09/42ea4041120f44f5aa97ca390f4d1f3b.png|https://distrisexcolombia.com/wp-content/uploads/2023/09/930679f71e554510939206934b80c7b0.png|https://distrisexcolombia.com/wp-content/uploads/2023/09/796764cb86f74ef79c7480690f0ac712.png|https://distrisexcolombia.com/wp-content/uploads/2023/09/e153a4a672f3404b990cc9b6b8d7d184.png,"Descripción Las primeras pinzas para pezones vibratorias ajustables controladas por aplicación del mundo Las pezoneras Gemini de Lovense son accesorios eróticos diseñados para llevar tus sensaciones al siguiente nivel. Con su aplicación compatible, podrás controlar la intensidad de la estimulación y personalizar tus experiencias a tu gusto. Además, con la conexión a distancia, podrás compartir el control con tu pareja o amigo y dar rienda suelta a vuestra imaginación y deseos. Estas pezoneras son el complemento perfecto para aumentar el placer y la excitación en tus momentos íntimos. ¿Que puedes encontrar en ellas? Vibradores duales ajustables Siente el máximo placer controlando la fuerza de la presión y la intensidad de la vibración de los dos motores, de suave a superpotente. Portátil Lleve a Gemini alrededor de tu cuello o colócalos en tu brasier. Sal y diviértete con el juego de manos libres. Pinzas para pezones vibratorias controladas por aplicación con estilos de juego ilimitados Estilos de juego ilimitados Desde juegos previos, juegos de rol hasta BDSM ligero, puedes incorporar nuestras pinzas para pezones en tu rutina con la aplicación Lovense Remote Disfruta de la combinación perfecta de pinzas y vibraciones ¡Puedes pellizcar fácilmente cualquier tipo de pezón y cualquier parte de tu cuerpo! Siente una presión placentera ajustando la fuerza de presión con los tornillos. ¡Agrega patrones de vibración e intensidad para tener un nivel de excitación alto hasta el orgasmo! Este producto no está sujeto a cambios; sin embargo, se ofrece garantía únicamente por defectos de fabricación.",https://distrisexcolombia.com/producto/pezoneras-vibratorias-gemini-lovense/
Sex Machine Lovense,4502900,Juguetes|Lovense|Promo Lovense|Sex Machine|Todo|Webcam,https://distrisexcolombia.com/wp-content/uploads/2023/09/lovense-sex-machine_6.jpg|https://distrisexcolombia.com/wp-content/uploads/2023/09/lovense-sex-machine_1.jpg|https://distrisexcolombia.com/wp-content/uploads/2023/09/lovense-sex-machine_2.jpg|https://distrisexcolombia.com/wp-content/uploads/2023/09/lovense-sex-machine_4.jpg|https://distrisexcolombia.com/wp-content/uploads/2023/09/lovense-sex-machine_3.jpg|https://distrisexcolombia.com/wp-content/uploads/2023/09/lovense-sex-machine_5.jpg,"Descripción Lovense Sex Machine La primera Sex Machine en el mundo controlada por aplicación y compatible con plataformas webcam. La nueva Lovense Sex Machine diseñada para jugar a solas, es una sex machine ideal para aumentar los tippers dentro de las trasmisiones webcam porque tiene el beneficio de lograr conexión interactiva a corta y larga distancia. Posee dos extremos fuertes y versátiles que brindan múltiples formas para usarlo y divertirse desde cualquier lugar. En sus extremos incluye dos dildos de silicona y dos adaptadores Vac-U-Lock incluidos. Su motor ofrece una velocidad de hasta 300 impulsos por minuto y quien la lleve gozará de muchas posiciones diferentes por recrear. De hecho, su montaje es muy sencillo, estable y resistente. Además de ser un juguete silencioso, permite ser usada por dos personas al tiempo y vivir un plan extremo, incluso podrán sincronizarlo desde la APP con la música y también permite la activación por sonido. Encaja a la perfección con estudios webcam, pues integra la APP para recibir tokens a través del juguete y así se podrá proponer que los usuarios evidencien nuevas formas de aumentar el placer y atraer seguidores al show. Puede ser sincronizado con las siguientes plataformas:",https://distrisexcolombia.com/producto/sex-machine-lovense/
Sex Machine Lovense,4502900,Juguetes|Lovense|Promo Lovense|Sex Machine|Todo|Webcam,https://distrisexcolombia.com/wp-content/uploads/2023/09/lovense-sex-machine_6.jpg|https://distrisexcolombia.com/wp-content/uploads/2023/09/lovense-sex-machine_1.jpg|https://distrisexcolombia.com/wp-content/uploads/2023/09/lovense-sex-machine_2.jpg|https://distrisexcolombia.com/wp-content/uploads/2023/09/lovense-sex-machine_4.jpg|https://distrisexcolombia.com/wp-content/uploads/2023/09/lovense-sex-machine_3.jpg|https://distrisexcolombia.com/wp-content/uploads/2023/09/lovense-sex-machine_5.jpg,"Descripción Lovense Sex Machine La primera Sex Machine en el mundo controlada por aplicación y compatible con plataformas webcam. La nueva Lovense Sex Machine diseñada para jugar a solas, es una sex machine ideal para aumentar los tippers dentro de las trasmisiones webcam porque tiene el beneficio de lograr conexión interactiva a corta y larga distancia. Posee dos extremos fuertes y versátiles que brindan múltiples formas para usarlo y divertirse desde cualquier lugar. En sus extremos incluye dos dildos de silicona y dos adaptadores Vac-U-Lock incluidos. Su motor ofrece una velocidad de hasta 300 impulsos por minuto y quien la lleve gozará de muchas posiciones diferentes por recrear. De hecho, su montaje es muy sencillo, estable y resistente. Además de ser un juguete silencioso, permite ser usada por dos personas al tiempo y vivir un plan extremo, incluso podrán sincronizarlo desde la APP con la música y también permite la activación por sonido. Encaja a la perfección con estudios webcam, pues integra la APP para recibir tokens a través del juguete y así se podrá proponer que los usuarios evidencien nuevas formas de aumentar el placer y atraer seguidores al show. Puede ser sincronizado con las siguientes plataformas:",https://distrisexcolombia.com/producto/sex-machine-lovense/
Lovense Mini Sex Machine,2000000,Juguetes|Lovense|Promo Lovense|Sex Machine|Todo|Webcam,https://distrisexcolombia.com/wp-content/uploads/2024/05/Mini-sex-machine-1200x1200.png|https://distrisexcolombia.com/wp-content/uploads/2024/05/Mini-sex-machine.png|https://distrisexcolombia.com/wp-content/uploads/2024/05/Mini-sex-machine2.png|https://distrisexcolombia.com/wp-content/uploads/2024/05/Mini-sex-machine5.png|https://distrisexcolombia.com/wp-content/uploads/2024/05/Mini-sex-machine4.png|https://distrisexcolombia.com/wp-content/uploads/2024/05/Mini-sex-machine3.png|https://distrisexcolombia.com/wp-content/uploads/2024/05/Mini-sex-machine6.png,"Descripción Lovense Mini Sex Machine La primera Sex Machine en el mundo, ahora en una versión MINI mejorada. Más cómoda y versátil. La nueva Lovense Sex Machine, diseñada para animar tus Shows, es ideal para aumentar los tippers dentro de las transmisiones webcam. Ofrece conexión interactiva a corta y larga distancia, controlada por aplicación y compatible con plataformas webcam. Esta versión mini cuenta con un extremos que brindan múltiples formas de uso y diversión desde cualquier lugar. Incluye un dildo de silicona y un adaptador universal. Su potente motor alcanza una velocidad de hasta 260impulsos por minuto, permitiendo disfrutar de diversas posiciones. Su montaje es fácil, estable y resistente. Además de ser silenciosa, también se puede sincronizar con la música a través de la APP y activarse por sonido. Perfecta para estudios webcam, la integración con la APP permite recibir tokens a través del juguete, lo que permite proponer nuevas formas de aumentar el placer y atraer seguidores al show. . Lovense Mini Sex Machine es una máquina sexual con control remoto Bluetooth®. * Longitud de impulso (3 – 7,5 cm), ángulo y altura ajustables – muchas posiciones posibles. * El motor superpotente ofrece una velocidad variable de hasta 260 impulsos por minuto. * Dildo de 13,8 cm incluido; compatible con todos los accesorios VAC-U-Lock. * Fácil de armar, pequeño, estable, robusto y silencioso. *Control a corta distancia y a larga distancia.",https://distrisexcolombia.com/producto/lovense-mini-sex-machine/
Lovense Exomoon,518900,Balas Y Huevos Vibradores|Juguetes|Lovense|Todo|Vibradores,https://distrisexcolombia.com/wp-content/uploads/2023/09/lovense-exomoon_2.jpg|https://distrisexcolombia.com/wp-content/uploads/2023/09/lovense-exomoon_1.jpg|https://distrisexcolombia.com/wp-content/uploads/2023/09/lovense-exomoon_3.jpg|https://distrisexcolombia.com/wp-content/uploads/2023/09/lovense-exomoon.jpg|https://distrisexcolombia.com/wp-content/uploads/2023/09/lovense-exomoon_5.jpg|https://distrisexcolombia.com/wp-content/uploads/2023/09/lovense-exomoon_6.jpg|https://distrisexcolombia.com/wp-content/uploads/2023/09/lovense-exomoon_7.jpg|https://distrisexcolombia.com/wp-content/uploads/2023/09/lovense-exomoon_8.jpg,"Descripción Una bala vibradora única con diseño de lápiz labial: así es Lovense Exomoon Increíble poder para satisfacer incluso a los buscadores de vibraciones más intensos. El mejor diseño, peso y tamaño para una bala vibradora que puedes llevar a cualquier parte, hablamos de Lovense Exomoon: estuche negro mate, botón de control con detalles de bronce y un tono perfecto de orgasmo. Lovense Exomoon cuenta con múltiples formas de uso, permite estimular los pezones en el nivel de vibración más bajo para una sesión lenta en solitario o una sensación adicional durante el sexo; envía ondas de placer a través del cuerpo o el de la pareja, estimulando la parte interna de los muslos; y genera una intensa sesión multiorgásmica para que el clítoris experimente el poder de Exomoon. ¡Un regalo perfecto para cualquier persona y un complemento imprescindible para cualquier colección de juguetes sexuales! El control de Lovense Exomoon puede ser manual o desde la App Lovense que tiene múltiples funcionalidades como control a corta y larga distancia compartido con la pareja, creación de patrones de vibración personalizados ilimitados, conversión del ruido ambiente o canciones en vibraciones, y lo mejor de todo, conexión a plataformas Web Cam. Todos los juguetes Lovense se integran con las siguientes plataformas Webcam:",https://distrisexcolombia.com/producto/lovense-exomoon/
Dildo Vibrador Mission 2 Lovense,727900,Juguetes|Lovense|Punto G|Todo|Vibradores,https://distrisexcolombia.com/wp-content/uploads/2024/10/Mission2-front.png|https://distrisexcolombia.com/wp-content/uploads/2024/10/Mission2-side.png|https://distrisexcolombia.com/wp-content/uploads/2024/10/Mission2-accessories.png|https://distrisexcolombia.com/wp-content/uploads/2024/10/Mission2-Horizontal.png|https://distrisexcolombia.com/wp-content/uploads/2024/10/20240808-mission2-PC-banner-2.jpg|https://distrisexcolombia.com/wp-content/uploads/2024/10/Mission2-packaging-2.png|https://distrisexcolombia.com/wp-content/uploads/2024/10/Mission2-packaging-3.png|https://distrisexcolombia.com/wp-content/uploads/2024/10/Mission2-packaging-1.png,"Descripción Consolador vibrador con control remoto y Tecnología Táctil Punta Ultra Suabes oara una estimulación potenente pero cómoda del punto G Ranuras estriadas ofreciendo vibraciones intensas. Moro sensible al tacto, el control de vibración se adapta a tu movimientos. Ajustable de 160° para varias posiciones. Base de Ventosa fuerte para jugar sin usar las manos. Cuanto más profundamente insertes Mission 2, más fuerte sentirás las vibraciones Con Tecnología Táctil de Lovense, las vibraciones se intensifican a medida que insertas Mission 2 más profundamente, generando un orgasmo más intenso. El consolador sensible al tacto te permite explorar el placer gamificado Sumérgete en un juego interactivo diseñado para Mission 2, donde tus movimientos hacia adentro y fuera, se sincronizan con los controles del juego para hacer que tu personaje salte. Sincroniza vibraciones sensibles a la profundidad junto con tu pareja de larga distancia. Cierra la brecha controlando el juguete Lovense de tu pareja (como Solace, Max 2 o Lush 3). Cuanto más profunda entre Misión 2, más fuerte será la reacción del otro juguete, logrando una simulación sexual realista a cualquier distancia. Muestre la estimulación sensible al tacto a través de varias representaciones Entretenga a los espectadores sincronizando su Mission 2 con sus juguetes Lovense. Cuanto más utilices Mission 2 para demostrar sexo oral, masturbación o penetración, más fuertes serán las vibraciones que sentirán tus espectadores. Base de ventosa fuerte y fácilmente ajustable Equipado con una base de ventosa que se ajusta hasta 160°, el Mission 2 te permite cambiar de posición sin esfuerzo, ya sea sujetándolo con la mano o utilizándolo de forma manos libres, según tus preferencias. Totalmente Impermeable para Jugar en el Baño Contra el espejo En el Suelo Sostenido con la Mano La punta aterciopelada garantiza una sensación sensual Con una punta ultra suave y tersa, Mission 2 está hecho de silicona 100% segura para el cuerpo, proporcionando la inserción más cómoda y estimulación del punto G. Combínalo con otros juguetes Lovense para múltiples sensaciones Sincroniza las vibraciones de Mission 2 con otros juguetes Lovense para sentir placer en todo el cuerpo. Funciones infinitas de la aplicación Lovense Remote Control a corta distancia Control a larga distancia Patrones ilimitados Sincronización con tu música Vibraciones Activadas por sonido Establecer niveles de vibración",https://distrisexcolombia.com/producto/dildo-vibrador-mission-2-lovense/
Vibrador Gravity con empuje automatico | Lovense,811900,Juguetes|Lovense|Punto G|Todo|Vibradores,https://distrisexcolombia.com/wp-content/uploads/2023/09/DSC01546-1OK.jpg|https://distrisexcolombia.com/wp-content/uploads/2023/09/DSC01526-1OK.jpg|https://distrisexcolombia.com/wp-content/uploads/2023/09/DSC01538-1OK.jpg|https://distrisexcolombia.com/wp-content/uploads/2023/09/DSC01535-1OK.jpg,"Descripción Consolador vibratorio y de empuje automático controlado por aplicación Gravity es un dildo de empuje y vibración con control remoto que convierte cualquier superficie lisa en tu pareja sexual perfecta en segundos; totalmente programable que se puede personalizar para una amplia gama de niveles de vibración. Nuestra aplicación te permite elegir un nivel de potencia que coincida con tus necesidades individuales. • Vibración • Empuje • Cada función se controla de forma independiente Sensaciones Duales Motor de vibración ubicado en la punta y hasta 140 impulsos/min, 3 cm (1.18 in) de longitud de impulso. Dildo vibrador manos libres con ventosa Manos libres La fuerte ventosa permite el uso de manos libres al colocarla en superficies lisas. Potente juguete sexual con batería de larga duración Súper Potente y Duradero Cada motor proporciona sensaciones intensas que conducirán a múltiples orgasmos durante sus 4 horas de uso por carga. Juego de Larga Distancia Dale el control a tu pareja a larga distancia y sumérgete en disfrutar de una poderosa penetración. Olvidarás que no están a tu lado En la cama ¿Fantaseas con tener un trío? Atrévete a experimentarlo con Gravity adhiriéndolo a cualquier superficie y disfruta al máximo de tu pareja Juego a Solas Use Gravity en la cama para una penetración intensa del punto G, de la forma que prefieras.",https://distrisexcolombia.com/producto/vibrador-gravity-con-empuje-automatico-lovense/
